{
  "cbat": [
    {
      "ts": 1756868823612,
      "value": "191.425"
    },
    {
      "ts": 1756868799848,
      "value": "191.425"
    },
    {
      "ts": 1756868776035,
      "value": "191.425"
    },
    {
      "ts": 1756868751846,
      "value": "184.175"
    },
    {
      "ts": 1756868735554,
      "value": "185.35"
    },
    {
      "ts": 1756868735553,
      "value": "185.35"
    },
    {
      "ts": 1756868704672,
      "value": "189.475"
    },
    {
      "ts": 1756868680885,
      "value": "191.525"
    },
    {
      "ts": 1756868657047,
      "value": "203.2"
    },
    {
      "ts": 1756868633284,
      "value": "201.25"
    },
    {
      "ts": 1756868633259,
      "value": "201.25"
    },
    {
      "ts": 1756868609448,
      "value": "202.75"
    },
    {
      "ts": 1756868585711,
      "value": "192.175"
    },
    {
      "ts": 1756868561498,
      "value": "204.375"
    },
    {
      "ts": 1756868538062,
      "value": "201.225"
    },
    {
      "ts": 1756868514299,
      "value": "213.675"
    },
    {
      "ts": 1756868490460,
      "value": "206.55"
    },
    {
      "ts": 1756868466670,
      "value": "216.275"
    },
    {
      "ts": 1756868442906,
      "value": "205.225"
    },
    {
      "ts": 1756868442881,
      "value": "205.225"
    },
    {
      "ts": 1756868419094,
      "value": "229.55"
    },
    {
      "ts": 1756868418718,
      "value": "229.55"
    },
    {
      "ts": 1756868402073,
      "value": "216.1"
    },
    {
      "ts": 1756868378536,
      "value": "218.05"
    },
    {
      "ts": 1756868378535,
      "value": "218.05"
    },
    {
      "ts": 1756868347328,
      "value": "221.675"
    },
    {
      "ts": 1756868323815,
      "value": "226.875"
    },
    {
      "ts": 1756868323765,
      "value": "226.875"
    },
    {
      "ts": 1756868307272,
      "value": "234.4"
    },
    {
      "ts": 1756868275913,
      "value": "225.125"
    },
    {
      "ts": 1756868252401,
      "value": "228.575"
    },
    {
      "ts": 1756868252375,
      "value": "228.575"
    },
    {
      "ts": 1756868228662,
      "value": "239.725"
    },
    {
      "ts": 1756868204800,
      "value": "249.075"
    },
    {
      "ts": 1756868204775,
      "value": "249.075"
    },
    {
      "ts": 1756868181089,
      "value": "253.775"
    },
    {
      "ts": 1756868157276,
      "value": "242.625"
    },
    {
      "ts": 1756868133413,
      "value": "255.65"
    },
    {
      "ts": 1756868109751,
      "value": "249.875"
    },
    {
      "ts": 1756868109727,
      "value": "249.875"
    },
    {
      "ts": 1756868085863,
      "value": "258.575"
    },
    {
      "ts": 1756868085838,
      "value": "258.575"
    },
    {
      "ts": 1756868062076,
      "value": "257.275"
    },
    {
      "ts": 1756868038212,
      "value": "267.075"
    },
    {
      "ts": 1756868021694,
      "value": "264.075"
    },
    {
      "ts": 1756868021669,
      "value": "264.075"
    },
    {
      "ts": 1756867990788,
      "value": "261.025"
    },
    {
      "ts": 1756867990763,
      "value": "261.025"
    },
    {
      "ts": 1756867966824,
      "value": "277.025"
    },
    {
      "ts": 1756867966799,
      "value": "277.025"
    },
    {
      "ts": 1756867942761,
      "value": "279.15"
    },
    {
      "ts": 1756867926093,
      "value": "277.875"
    },
    {
      "ts": 1756867926091,
      "value": "277.875"
    },
    {
      "ts": 1756867902379,
      "value": "290.725"
    },
    {
      "ts": 1756867871625,
      "value": "285.975"
    },
    {
      "ts": 1756867854733,
      "value": "293.65"
    },
    {
      "ts": 1756867823825,
      "value": "295.275"
    },
    {
      "ts": 1756867800385,
      "value": "301"
    },
    {
      "ts": 1756867800360,
      "value": "301"
    },
    {
      "ts": 1756867776495,
      "value": "286.05"
    },
    {
      "ts": 1756867776469,
      "value": "286.05"
    },
    {
      "ts": 1756867752857,
      "value": "294.3"
    },
    {
      "ts": 1756867728592,
      "value": "298"
    },
    {
      "ts": 1756867712323,
      "value": "302.1"
    },
    {
      "ts": 1756867681366,
      "value": "322.9"
    },
    {
      "ts": 1756867681341,
      "value": "322.9"
    },
    {
      "ts": 1756867664747,
      "value": "329.975"
    },
    {
      "ts": 1756867664722,
      "value": "329.975"
    },
    {
      "ts": 1756867633413,
      "value": "345.425"
    },
    {
      "ts": 1756867609976,
      "value": "-25.725"
    },
    {
      "ts": 1756867609951,
      "value": "-25.725"
    },
    {
      "ts": 1756867585809,
      "value": "-20.3"
    },
    {
      "ts": 1756867562398,
      "value": "-21.725"
    },
    {
      "ts": 1756867562397,
      "value": "-21.725"
    },
    {
      "ts": 1756867538208,
      "value": "-25.525"
    },
    {
      "ts": 1756867538206,
      "value": "-25.525"
    },
    {
      "ts": 1756867514443,
      "value": "-22.675"
    },
    {
      "ts": 1756867490957,
      "value": "-19.25"
    },
    {
      "ts": 1756867467169,
      "value": "-22.95"
    },
    {
      "ts": 1756867443431,
      "value": "-24"
    },
    {
      "ts": 1756867419617,
      "value": "-25.7"
    },
    {
      "ts": 1756867395779,
      "value": "-23.475"
    },
    {
      "ts": 1756867371991,
      "value": "-20.45"
    },
    {
      "ts": 1756867348229,
      "value": "-25.175"
    },
    {
      "ts": 1756867348228,
      "value": "-25.175"
    },
    {
      "ts": 1756867324040,
      "value": "-19.425"
    },
    {
      "ts": 1756867300603,
      "value": "-22.65"
    },
    {
      "ts": 1756867276890,
      "value": "-17.1"
    },
    {
      "ts": 1756867253051,
      "value": "-17.525"
    },
    {
      "ts": 1756867253026,
      "value": "-17.525"
    },
    {
      "ts": 1756867229211,
      "value": "-17.825"
    },
    {
      "ts": 1756867181683,
      "value": "-25.9"
    },
    {
      "ts": 1756867181658,
      "value": "-25.9"
    },
    {
      "ts": 1756867157443,
      "value": "-21.575"
    },
    {
      "ts": 1756867134004,
      "value": "-21.35"
    },
    {
      "ts": 1756867109940,
      "value": "-23.725"
    },
    {
      "ts": 1756867086528,
      "value": "-20.5"
    },
    {
      "ts": 1756867069408,
      "value": "-20.475"
    },
    {
      "ts": 1756867038878,
      "value": "-23.825"
    },
    {
      "ts": 1756867038853,
      "value": "-23.825"
    }
  ]
}