{
  "latitude": [
    {
      "ts": 1756868823612,
      "value": "-22.82228"
    },
    {
      "ts": 1756868799848,
      "value": "-22.82228"
    },
    {
      "ts": 1756868776035,
      "value": "-22.82228"
    },
    {
      "ts": 1756868751846,
      "value": "-22.82223"
    },
    {
      "ts": 1756868735554,
      "value": "-22.82224"
    },
    {
      "ts": 1756868735553,
      "value": "-22.82224"
    },
    {
      "ts": 1756868704672,
      "value": "-22.82223"
    },
    {
      "ts": 1756868680885,
      "value": "-22.82225"
    },
    {
      "ts": 1756868657047,
      "value": "-22.82224"
    },
    {
      "ts": 1756868633284,
      "value": "-22.82226"
    },
    {
      "ts": 1756868633259,
      "value": "-22.82226"
    },
    {
      "ts": 1756868609448,
      "value": "-22.82228"
    },
    {
      "ts": 1756868585711,
      "value": "-22.82235"
    },
    {
      "ts": 1756868561498,
      "value": "-22.82233"
    },
    {
      "ts": 1756868538062,
      "value": "-22.82235"
    },
    {
      "ts": 1756868514299,
      "value": "-22.82236"
    },
    {
      "ts": 1756868490460,
      "value": "-22.82237"
    },
    {
      "ts": 1756868466670,
      "value": "-22.82236"
    },
    {
      "ts": 1756868442906,
      "value": "-22.82219"
    },
    {
      "ts": 1756868442881,
      "value": "-22.82219"
    },
    {
      "ts": 1756868419094,
      "value": "-22.82219"
    },
    {
      "ts": 1756868418718,
      "value": "-22.82219"
    },
    {
      "ts": 1756868402073,
      "value": "-22.82214"
    },
    {
      "ts": 1756868378536,
      "value": "-22.82207"
    },
    {
      "ts": 1756868378535,
      "value": "-22.82207"
    },
    {
      "ts": 1756868347328,
      "value": "-22.82214"
    },
    {
      "ts": 1756868323815,
      "value": "-22.82216"
    },
    {
      "ts": 1756868323765,
      "value": "-22.82216"
    },
    {
      "ts": 1756868307272,
      "value": "-22.82221"
    },
    {
      "ts": 1756868275913,
      "value": "-22.82221"
    },
    {
      "ts": 1756868252401,
      "value": "-22.82222"
    },
    {
      "ts": 1756868252375,
      "value": "-22.82222"
    },
    {
      "ts": 1756868228662,
      "value": "-22.82222"
    },
    {
      "ts": 1756868204800,
      "value": "-22.82223"
    },
    {
      "ts": 1756868204775,
      "value": "-22.82223"
    },
    {
      "ts": 1756868181089,
      "value": "-22.82222"
    },
    {
      "ts": 1756868157276,
      "value": "-22.82224"
    },
    {
      "ts": 1756868133413,
      "value": "-22.82224"
    },
    {
      "ts": 1756868109751,
      "value": "-22.82229"
    },
    {
      "ts": 1756868109727,
      "value": "-22.82229"
    },
    {
      "ts": 1756868085863,
      "value": "-22.82229"
    },
    {
      "ts": 1756868085838,
      "value": "-22.82229"
    },
    {
      "ts": 1756868062076,
      "value": "-22.82226"
    },
    {
      "ts": 1756868038212,
      "value": "-22.82227"
    },
    {
      "ts": 1756868021694,
      "value": "-22.82232"
    },
    {
      "ts": 1756868021669,
      "value": "-22.82232"
    },
    {
      "ts": 1756867990788,
      "value": "-22.82225"
    },
    {
      "ts": 1756867990763,
      "value": "-22.82225"
    },
    {
      "ts": 1756867966824,
      "value": "-22.82225"
    },
    {
      "ts": 1756867966799,
      "value": "-22.82225"
    },
    {
      "ts": 1756867942761,
      "value": "-22.82222"
    },
    {
      "ts": 1756867926093,
      "value": "-22.82223"
    },
    {
      "ts": 1756867926091,
      "value": "-22.82223"
    },
    {
      "ts": 1756867902379,
      "value": "-22.82232"
    },
    {
      "ts": 1756867871625,
      "value": "-22.8223"
    },
    {
      "ts": 1756867854733,
      "value": "-22.82227"
    },
    {
      "ts": 1756867823825,
      "value": "-22.82227"
    },
    {
      "ts": 1756867800385,
      "value": "-22.82225"
    },
    {
      "ts": 1756867800360,
      "value": "-22.82225"
    },
    {
      "ts": 1756867776495,
      "value": "-22.82233"
    },
    {
      "ts": 1756867776469,
      "value": "-22.82233"
    },
    {
      "ts": 1756867752857,
      "value": "-22.82235"
    },
    {
      "ts": 1756867728592,
      "value": "-22.82227"
    },
    {
      "ts": 1756867712323,
      "value": "-22.82228"
    },
    {
      "ts": 1756867681366,
      "value": "-22.82227"
    },
    {
      "ts": 1756867681341,
      "value": "-22.82227"
    },
    {
      "ts": 1756867664747,
      "value": "-22.82229"
    },
    {
      "ts": 1756867664722,
      "value": "-22.82229"
    },
    {
      "ts": 1756867633413,
      "value": "-22.82228"
    },
    {
      "ts": 1756867609976,
      "value": "-22.82225"
    },
    {
      "ts": 1756867609951,
      "value": "-22.82225"
    },
    {
      "ts": 1756867585809,
      "value": "-22.82225"
    },
    {
      "ts": 1756867562398,
      "value": "-22.82223"
    },
    {
      "ts": 1756867562397,
      "value": "-22.82223"
    },
    {
      "ts": 1756867538208,
      "value": "-22.82221"
    },
    {
      "ts": 1756867538206,
      "value": "-22.82221"
    },
    {
      "ts": 1756867514443,
      "value": "-22.8222"
    },
    {
      "ts": 1756867490957,
      "value": "-22.82218"
    },
    {
      "ts": 1756867467169,
      "value": "-22.82217"
    },
    {
      "ts": 1756867443431,
      "value": "-22.82212"
    },
    {
      "ts": 1756867419617,
      "value": "-22.8221"
    },
    {
      "ts": 1756867395779,
      "value": "-22.82198"
    },
    {
      "ts": 1756867371991,
      "value": "-22.82198"
    },
    {
      "ts": 1756867348229,
      "value": "-22.82191"
    },
    {
      "ts": 1756867348228,
      "value": "-22.82191"
    },
    {
      "ts": 1756867324040,
      "value": "-22.82183"
    },
    {
      "ts": 1756867300603,
      "value": "-22.82184"
    },
    {
      "ts": 1756867276890,
      "value": "-22.82209"
    },
    {
      "ts": 1756867253051,
      "value": "-22.8222"
    },
    {
      "ts": 1756867253026,
      "value": "-22.8222"
    },
    {
      "ts": 1756867229211,
      "value": "-22.8222"
    },
    {
      "ts": 1756867181683,
      "value": "-22.82234"
    },
    {
      "ts": 1756867181658,
      "value": "-22.82234"
    },
    {
      "ts": 1756867157443,
      "value": "-22.82233"
    },
    {
      "ts": 1756867134004,
      "value": "-22.82225"
    },
    {
      "ts": 1756867109940,
      "value": "-22.82222"
    },
    {
      "ts": 1756867086528,
      "value": "-22.82222"
    },
    {
      "ts": 1756867069408,
      "value": "-22.82217"
    },
    {
      "ts": 1756867038878,
      "value": "-22.82215"
    },
    {
      "ts": 1756867038853,
      "value": "-22.82215"
    }
  ]
}