{
  "longitude": [
    {
      "ts": 1756868823612,
      "value": "-47.06557"
    },
    {
      "ts": 1756868799848,
      "value": "-47.06557"
    },
    {
      "ts": 1756868776035,
      "value": "-47.06557"
    },
    {
      "ts": 1756868751846,
      "value": "-47.06557"
    },
    {
      "ts": 1756868735554,
      "value": "-47.06555"
    },
    {
      "ts": 1756868735553,
      "value": "-47.06555"
    },
    {
      "ts": 1756868704672,
      "value": "-47.0656"
    },
    {
      "ts": 1756868680885,
      "value": "-47.06554"
    },
    {
      "ts": 1756868657047,
      "value": "-47.0656"
    },
    {
      "ts": 1756868633284,
      "value": "-47.06558"
    },
    {
      "ts": 1756868633259,
      "value": "-47.06558"
    },
    {
      "ts": 1756868609448,
      "value": "-47.06556"
    },
    {
      "ts": 1756868585711,
      "value": "-47.06552"
    },
    {
      "ts": 1756868561498,
      "value": "-47.06553"
    },
    {
      "ts": 1756868538062,
      "value": "-47.0655"
    },
    {
      "ts": 1756868514299,
      "value": "-47.06543"
    },
    {
      "ts": 1756868490460,
      "value": "-47.06544"
    },
    {
      "ts": 1756868466670,
      "value": "-47.06538"
    },
    {
      "ts": 1756868442906,
      "value": "-47.06549"
    },
    {
      "ts": 1756868442881,
      "value": "-47.06549"
    },
    {
      "ts": 1756868419094,
      "value": "-47.06549"
    },
    {
      "ts": 1756868418718,
      "value": "-47.06549"
    },
    {
      "ts": 1756868402073,
      "value": "-47.06548"
    },
    {
      "ts": 1756868378536,
      "value": "-47.06554"
    },
    {
      "ts": 1756868378535,
      "value": "-47.06554"
    },
    {
      "ts": 1756868347328,
      "value": "-47.06547"
    },
    {
      "ts": 1756868323815,
      "value": "-47.06546"
    },
    {
      "ts": 1756868323765,
      "value": "-47.06546"
    },
    {
      "ts": 1756868307272,
      "value": "-47.06551"
    },
    {
      "ts": 1756868275913,
      "value": "-47.06551"
    },
    {
      "ts": 1756868252401,
      "value": "-47.06551"
    },
    {
      "ts": 1756868252375,
      "value": "-47.06551"
    },
    {
      "ts": 1756868228662,
      "value": "-47.06556"
    },
    {
      "ts": 1756868204800,
      "value": "-47.06552"
    },
    {
      "ts": 1756868204775,
      "value": "-47.06552"
    },
    {
      "ts": 1756868181089,
      "value": "-47.06552"
    },
    {
      "ts": 1756868157276,
      "value": "-47.06546"
    },
    {
      "ts": 1756868133413,
      "value": "-47.06547"
    },
    {
      "ts": 1756868109751,
      "value": "-47.06554"
    },
    {
      "ts": 1756868109727,
      "value": "-47.06554"
    },
    {
      "ts": 1756868085863,
      "value": "-47.06555"
    },
    {
      "ts": 1756868085838,
      "value": "-47.06555"
    },
    {
      "ts": 1756868062076,
      "value": "-47.06556"
    },
    {
      "ts": 1756868038212,
      "value": "-47.06564"
    },
    {
      "ts": 1756868021694,
      "value": "-47.06553"
    },
    {
      "ts": 1756868021669,
      "value": "-47.06553"
    },
    {
      "ts": 1756867990788,
      "value": "-47.06551"
    },
    {
      "ts": 1756867990763,
      "value": "-47.06551"
    },
    {
      "ts": 1756867966824,
      "value": "-47.06554"
    },
    {
      "ts": 1756867966799,
      "value": "-47.06554"
    },
    {
      "ts": 1756867942761,
      "value": "-47.06551"
    },
    {
      "ts": 1756867926093,
      "value": "-47.06546"
    },
    {
      "ts": 1756867926091,
      "value": "-47.06546"
    },
    {
      "ts": 1756867902379,
      "value": "-47.06553"
    },
    {
      "ts": 1756867871625,
      "value": "-47.06548"
    },
    {
      "ts": 1756867854733,
      "value": "-47.06544"
    },
    {
      "ts": 1756867823825,
      "value": "-47.06544"
    },
    {
      "ts": 1756867800385,
      "value": "-47.06544"
    },
    {
      "ts": 1756867800360,
      "value": "-47.06544"
    },
    {
      "ts": 1756867776495,
      "value": "-47.06538"
    },
    {
      "ts": 1756867776469,
      "value": "-47.06538"
    },
    {
      "ts": 1756867752857,
      "value": "-47.06549"
    },
    {
      "ts": 1756867728592,
      "value": "-47.06543"
    },
    {
      "ts": 1756867712323,
      "value": "-47.06549"
    },
    {
      "ts": 1756867681366,
      "value": "-47.06548"
    },
    {
      "ts": 1756867681341,
      "value": "-47.06548"
    },
    {
      "ts": 1756867664747,
      "value": "-47.06548"
    },
    {
      "ts": 1756867664722,
      "value": "-47.06548"
    },
    {
      "ts": 1756867633413,
      "value": "-47.06549"
    },
    {
      "ts": 1756867609976,
      "value": "-47.06555"
    },
    {
      "ts": 1756867609951,
      "value": "-47.06555"
    },
    {
      "ts": 1756867585809,
      "value": "-47.06553"
    },
    {
      "ts": 1756867562398,
      "value": "-47.06552"
    },
    {
      "ts": 1756867562397,
      "value": "-47.06552"
    },
    {
      "ts": 1756867538208,
      "value": "-47.06553"
    },
    {
      "ts": 1756867538206,
      "value": "-47.06553"
    },
    {
      "ts": 1756867514443,
      "value": "-47.06551"
    },
    {
      "ts": 1756867490957,
      "value": "-47.06554"
    },
    {
      "ts": 1756867467169,
      "value": "-47.06553"
    },
    {
      "ts": 1756867443431,
      "value": "-47.06557"
    },
    {
      "ts": 1756867419617,
      "value": "-47.06553"
    },
    {
      "ts": 1756867395779,
      "value": "-47.06524"
    },
    {
      "ts": 1756867371991,
      "value": "-47.06524"
    },
    {
      "ts": 1756867348229,
      "value": "-47.06513"
    },
    {
      "ts": 1756867348228,
      "value": "-47.06513"
    },
    {
      "ts": 1756867324040,
      "value": "-47.06502"
    },
    {
      "ts": 1756867300603,
      "value": "-47.06501"
    },
    {
      "ts": 1756867276890,
      "value": "-47.06527"
    },
    {
      "ts": 1756867253051,
      "value": "-47.06519"
    },
    {
      "ts": 1756867253026,
      "value": "-47.06519"
    },
    {
      "ts": 1756867229211,
      "value": "-47.06519"
    },
    {
      "ts": 1756867181683,
      "value": "-47.06524"
    },
    {
      "ts": 1756867181658,
      "value": "-47.06524"
    },
    {
      "ts": 1756867157443,
      "value": "-47.06541"
    },
    {
      "ts": 1756867134004,
      "value": "-47.06559"
    },
    {
      "ts": 1756867109940,
      "value": "-47.06562"
    },
    {
      "ts": 1756867086528,
      "value": "-47.06562"
    },
    {
      "ts": 1756867069408,
      "value": "-47.06559"
    },
    {
      "ts": 1756867038878,
      "value": "-47.06559"
    },
    {
      "ts": 1756867038853,
      "value": "-47.06559"
    }
  ]
}