{
  "cbat": [
    {
      "ts": 1755976362624,
      "value": "-173.075"
    },
    {
      "ts": 1755976330261,
      "value": "-174.55"
    },
    {
      "ts": 1755976329834,
      "value": "-174.55"
    },
    {
      "ts": 1755976313440,
      "value": "-148.875"
    },
    {
      "ts": 1755976313415,
      "value": "-148.875"
    },
    {
      "ts": 1755976297045,
      "value": "-147.525"
    },
    {
      "ts": 1755976280624,
      "value": "-160.05"
    },
    {
      "ts": 1755976264229,
      "value": "-151.3"
    },
    {
      "ts": 1755976247835,
      "value": "-170.575"
    },
    {
      "ts": 1755976231866,
      "value": "-174.725"
    },
    {
      "ts": 1755976231841,
      "value": "-174.725"
    },
    {
      "ts": 1755976215045,
      "value": "-158.3"
    },
    {
      "ts": 1755976215020,
      "value": "-158.3"
    },
    {
      "ts": 1755976198651,
      "value": "-174.7"
    },
    {
      "ts": 1755976153403,
      "value": "-167.575"
    },
    {
      "ts": 1755976137006,
      "value": "-147.475"
    },
    {
      "ts": 1755976106823,
      "value": "-161.35"
    },
    {
      "ts": 1755976106822,
      "value": "-161.35"
    },
    {
      "ts": 1755976083936,
      "value": "-146.025"
    },
    {
      "ts": 1755976083535,
      "value": "-146.025"
    },
    {
      "ts": 1755976060269,
      "value": "-154.575"
    },
    {
      "ts": 1755976038360,
      "value": "-174.85"
    },
    {
      "ts": 1755976005495,
      "value": "-161.85"
    },
    {
      "ts": 1755975989125,
      "value": "-153.2"
    },
    {
      "ts": 1755975972731,
      "value": "-153.75"
    },
    {
      "ts": 1755975939918,
      "value": "-149.35"
    },
    {
      "ts": 1755975923522,
      "value": "-166.65"
    },
    {
      "ts": 1755975907128,
      "value": "-158.525"
    },
    {
      "ts": 1755975890733,
      "value": "-140.15"
    },
    {
      "ts": 1755975890708,
      "value": "-140.15"
    },
    {
      "ts": 1755975874364,
      "value": "-159.95"
    },
    {
      "ts": 1755975874338,
      "value": "-159.95"
    },
    {
      "ts": 1755975857945,
      "value": "-160.825"
    },
    {
      "ts": 1755975841549,
      "value": "-150.5"
    },
    {
      "ts": 1755975819614,
      "value": "-174.3"
    },
    {
      "ts": 1755975819589,
      "value": "-174.3"
    },
    {
      "ts": 1755975796326,
      "value": "-146.7"
    },
    {
      "ts": 1755975773038,
      "value": "-352.3"
    },
    {
      "ts": 1755975750126,
      "value": "-144.875"
    },
    {
      "ts": 1755975749725,
      "value": "-144.875"
    },
    {
      "ts": 1755975726837,
      "value": "-344.025"
    },
    {
      "ts": 1755975726436,
      "value": "-344.025"
    },
    {
      "ts": 1755975710067,
      "value": "-155.175"
    },
    {
      "ts": 1755975681240,
      "value": "-166.275"
    },
    {
      "ts": 1755975648473,
      "value": "-158.1"
    },
    {
      "ts": 1755975648448,
      "value": "-158.1"
    },
    {
      "ts": 1755975632054,
      "value": "-150.875"
    },
    {
      "ts": 1755975615684,
      "value": "-345.225"
    },
    {
      "ts": 1755975615659,
      "value": "-345.225"
    },
    {
      "ts": 1755975599265,
      "value": "-161.5"
    },
    {
      "ts": 1755975582871,
      "value": "-292.4"
    },
    {
      "ts": 1755975550057,
      "value": "-343.275"
    },
    {
      "ts": 1755975534088,
      "value": "-145.75"
    },
    {
      "ts": 1755975533662,
      "value": "-145.75"
    },
    {
      "ts": 1755975517292,
      "value": "-146.075"
    },
    {
      "ts": 1755975495332,
      "value": "-152.5"
    },
    {
      "ts": 1755975472045,
      "value": "-159.35"
    },
    {
      "ts": 1755975448758,
      "value": "-175.95"
    },
    {
      "ts": 1755975448757,
      "value": "-175.95"
    },
    {
      "ts": 1755975425520,
      "value": "-164"
    },
    {
      "ts": 1755975402183,
      "value": "-156.1"
    },
    {
      "ts": 1755975402181,
      "value": "-156.1"
    },
    {
      "ts": 1755975366457,
      "value": "-168.45"
    },
    {
      "ts": 1755975336275,
      "value": "-154.025"
    },
    {
      "ts": 1755975306117,
      "value": "-139.375"
    },
    {
      "ts": 1755975306092,
      "value": "-139.375"
    },
    {
      "ts": 1755975284257,
      "value": "-159.65"
    },
    {
      "ts": 1755975260969,
      "value": "-163.925"
    },
    {
      "ts": 1755975244851,
      "value": "-176.25"
    },
    {
      "ts": 1755975244500,
      "value": "-176.25"
    },
    {
      "ts": 1755975214393,
      "value": "-331.475"
    },
    {
      "ts": 1755975214368,
      "value": "-331.475"
    },
    {
      "ts": 1755975167743,
      "value": "-351.275"
    },
    {
      "ts": 1755975144529,
      "value": "-156.35"
    },
    {
      "ts": 1755975122517,
      "value": "-154.85"
    },
    {
      "ts": 1755975122492,
      "value": "-154.85"
    },
    {
      "ts": 1755975106098,
      "value": "-150.05"
    },
    {
      "ts": 1755975089703,
      "value": "-164.45"
    },
    {
      "ts": 1755975073310,
      "value": "-157"
    },
    {
      "ts": 1755975073285,
      "value": "-157"
    },
    {
      "ts": 1755975040520,
      "value": "-168"
    },
    {
      "ts": 1755975040495,
      "value": "-168"
    },
    {
      "ts": 1755975024527,
      "value": "-149.25"
    },
    {
      "ts": 1755975024126,
      "value": "-149.25"
    },
    {
      "ts": 1755975007757,
      "value": "-146.025"
    },
    {
      "ts": 1755975007732,
      "value": "-146.025"
    },
    {
      "ts": 1755974991336,
      "value": "-173.575"
    },
    {
      "ts": 1755974974941,
      "value": "-175.1"
    },
    {
      "ts": 1755974936985,
      "value": "-169.925"
    },
    {
      "ts": 1755974936584,
      "value": "-169.925"
    },
    {
      "ts": 1755974913321,
      "value": "-153.525"
    },
    {
      "ts": 1755974913296,
      "value": "-153.525"
    },
    {
      "ts": 1755974890031,
      "value": "-185.875"
    },
    {
      "ts": 1755974866742,
      "value": "-153.475"
    },
    {
      "ts": 1755974843453,
      "value": "-148.65"
    },
    {
      "ts": 1755974815978,
      "value": "-148.975"
    },
    {
      "ts": 1755974799557,
      "value": "-160.1"
    },
    {
      "ts": 1755974783162,
      "value": "-150.475"
    },
    {
      "ts": 1755974750723,
      "value": "-162.25"
    },
    {
      "ts": 1755974750347,
      "value": "-162.25"
    }
  ]
}