{
  "latitude": [
    {
      "ts": 1755976362624,
      "value": "-22.8218"
    },
    {
      "ts": 1755976330261,
      "value": "-22.82181"
    },
    {
      "ts": 1755976329834,
      "value": "-22.82181"
    },
    {
      "ts": 1755976313440,
      "value": "-22.82181"
    },
    {
      "ts": 1755976313415,
      "value": "-22.82181"
    },
    {
      "ts": 1755976297045,
      "value": "-22.82187"
    },
    {
      "ts": 1755976280624,
      "value": "-22.82188"
    },
    {
      "ts": 1755976264229,
      "value": "-22.82191"
    },
    {
      "ts": 1755976247835,
      "value": "-22.82196"
    },
    {
      "ts": 1755976231866,
      "value": "-22.82193"
    },
    {
      "ts": 1755976231841,
      "value": "-22.82193"
    },
    {
      "ts": 1755976215045,
      "value": "-22.8219"
    },
    {
      "ts": 1755976215020,
      "value": "-22.8219"
    },
    {
      "ts": 1755976198651,
      "value": "-22.82192"
    },
    {
      "ts": 1755976153403,
      "value": "-22.8219"
    },
    {
      "ts": 1755976137006,
      "value": "-22.82191"
    },
    {
      "ts": 1755976106823,
      "value": "-22.82198"
    },
    {
      "ts": 1755976106822,
      "value": "-22.82198"
    },
    {
      "ts": 1755976083936,
      "value": "-22.82196"
    },
    {
      "ts": 1755976083535,
      "value": "-22.82196"
    },
    {
      "ts": 1755976060269,
      "value": "-22.82189"
    },
    {
      "ts": 1755976038360,
      "value": "-22.82185"
    },
    {
      "ts": 1755976005495,
      "value": "-22.82182"
    },
    {
      "ts": 1755975989125,
      "value": "-22.82182"
    },
    {
      "ts": 1755975972731,
      "value": "-22.82186"
    },
    {
      "ts": 1755975939918,
      "value": "-22.82184"
    },
    {
      "ts": 1755975923522,
      "value": "-22.82185"
    },
    {
      "ts": 1755975907128,
      "value": "-22.8219"
    },
    {
      "ts": 1755975890733,
      "value": "-22.82187"
    },
    {
      "ts": 1755975890708,
      "value": "-22.82187"
    },
    {
      "ts": 1755975874364,
      "value": "-22.82194"
    },
    {
      "ts": 1755975874338,
      "value": "-22.82194"
    },
    {
      "ts": 1755975857945,
      "value": "-22.82194"
    },
    {
      "ts": 1755975841549,
      "value": "-22.82199"
    },
    {
      "ts": 1755975819614,
      "value": "-22.822"
    },
    {
      "ts": 1755975819589,
      "value": "-22.822"
    },
    {
      "ts": 1755975796326,
      "value": "-22.82194"
    },
    {
      "ts": 1755975773038,
      "value": "-22.82197"
    },
    {
      "ts": 1755975750126,
      "value": "-22.82199"
    },
    {
      "ts": 1755975749725,
      "value": "-22.82199"
    },
    {
      "ts": 1755975726837,
      "value": "-22.82198"
    },
    {
      "ts": 1755975726436,
      "value": "-22.82198"
    },
    {
      "ts": 1755975710067,
      "value": "-22.82198"
    },
    {
      "ts": 1755975681240,
      "value": "-22.82191"
    },
    {
      "ts": 1755975648473,
      "value": "-22.82187"
    },
    {
      "ts": 1755975648448,
      "value": "-22.82187"
    },
    {
      "ts": 1755975632054,
      "value": "-22.82188"
    },
    {
      "ts": 1755975615684,
      "value": "-22.82191"
    },
    {
      "ts": 1755975615659,
      "value": "-22.82191"
    },
    {
      "ts": 1755975599265,
      "value": "-22.82198"
    },
    {
      "ts": 1755975582871,
      "value": "-22.82194"
    },
    {
      "ts": 1755975550057,
      "value": "-22.82193"
    },
    {
      "ts": 1755975534088,
      "value": "-22.82193"
    },
    {
      "ts": 1755975533662,
      "value": "-22.82193"
    },
    {
      "ts": 1755975517292,
      "value": "-22.82183"
    },
    {
      "ts": 1755975495332,
      "value": "-22.82179"
    },
    {
      "ts": 1755975472045,
      "value": "-22.8219"
    },
    {
      "ts": 1755975448758,
      "value": "-22.8219"
    },
    {
      "ts": 1755975448757,
      "value": "-22.8219"
    },
    {
      "ts": 1755975425520,
      "value": "-22.82195"
    },
    {
      "ts": 1755975402183,
      "value": "-22.82195"
    },
    {
      "ts": 1755975402181,
      "value": "-22.82195"
    },
    {
      "ts": 1755975366457,
      "value": "-22.82194"
    },
    {
      "ts": 1755975336275,
      "value": "-22.82197"
    },
    {
      "ts": 1755975306117,
      "value": "-22.82192"
    },
    {
      "ts": 1755975306092,
      "value": "-22.82192"
    },
    {
      "ts": 1755975284257,
      "value": "-22.82191"
    },
    {
      "ts": 1755975260969,
      "value": "-22.82191"
    },
    {
      "ts": 1755975244851,
      "value": "-22.82195"
    },
    {
      "ts": 1755975244500,
      "value": "-22.82195"
    },
    {
      "ts": 1755975214393,
      "value": "-22.82195"
    },
    {
      "ts": 1755975214368,
      "value": "-22.82195"
    },
    {
      "ts": 1755975167743,
      "value": "-22.82194"
    },
    {
      "ts": 1755975144529,
      "value": "-22.82192"
    },
    {
      "ts": 1755975122517,
      "value": "-22.82192"
    },
    {
      "ts": 1755975122492,
      "value": "-22.82192"
    },
    {
      "ts": 1755975106098,
      "value": "-22.82191"
    },
    {
      "ts": 1755975089703,
      "value": "-22.82192"
    },
    {
      "ts": 1755975073310,
      "value": "-22.82199"
    },
    {
      "ts": 1755975073285,
      "value": "-22.82199"
    },
    {
      "ts": 1755975040520,
      "value": "-22.82203"
    },
    {
      "ts": 1755975040495,
      "value": "-22.82203"
    },
    {
      "ts": 1755975024527,
      "value": "-22.82194"
    },
    {
      "ts": 1755975024126,
      "value": "-22.82194"
    },
    {
      "ts": 1755975007757,
      "value": "-22.82193"
    },
    {
      "ts": 1755975007732,
      "value": "-22.82193"
    },
    {
      "ts": 1755974991336,
      "value": "-22.82195"
    },
    {
      "ts": 1755974974941,
      "value": "-22.82195"
    },
    {
      "ts": 1755974936985,
      "value": "-22.82199"
    },
    {
      "ts": 1755974936584,
      "value": "-22.82199"
    },
    {
      "ts": 1755974913321,
      "value": "-22.82196"
    },
    {
      "ts": 1755974913296,
      "value": "-22.82196"
    },
    {
      "ts": 1755974890031,
      "value": "-22.82203"
    },
    {
      "ts": 1755974866742,
      "value": "-22.82197"
    },
    {
      "ts": 1755974843453,
      "value": "-22.82201"
    },
    {
      "ts": 1755974815978,
      "value": "-22.82202"
    },
    {
      "ts": 1755974799557,
      "value": "-22.822"
    },
    {
      "ts": 1755974783162,
      "value": "-22.82203"
    },
    {
      "ts": 1755974750723,
      "value": "-22.82182"
    },
    {
      "ts": 1755974750347,
      "value": "-22.82182"
    }
  ]
}