{
  "temperature": [
    {
      "ts": 1755976362624,
      "value": "31.21"
    },
    {
      "ts": 1755976330261,
      "value": "31.25"
    },
    {
      "ts": 1755976329834,
      "value": "31.25"
    },
    {
      "ts": 1755976313440,
      "value": "31.26"
    },
    {
      "ts": 1755976313415,
      "value": "31.26"
    },
    {
      "ts": 1755976297045,
      "value": "31.26"
    },
    {
      "ts": 1755976280624,
      "value": "31.27"
    },
    {
      "ts": 1755976264229,
      "value": "31.28"
    },
    {
      "ts": 1755976247835,
      "value": "31.29"
    },
    {
      "ts": 1755976231866,
      "value": "31.27"
    },
    {
      "ts": 1755976231841,
      "value": "31.27"
    },
    {
      "ts": 1755976215045,
      "value": "31.28"
    },
    {
      "ts": 1755976215020,
      "value": "31.28"
    },
    {
      "ts": 1755976198651,
      "value": "31.31"
    },
    {
      "ts": 1755976153403,
      "value": "31.33"
    },
    {
      "ts": 1755976137006,
      "value": "31.35"
    },
    {
      "ts": 1755976106823,
      "value": "31.35"
    },
    {
      "ts": 1755976106822,
      "value": "31.35"
    },
    {
      "ts": 1755976083936,
      "value": "31.37"
    },
    {
      "ts": 1755976083535,
      "value": "31.37"
    },
    {
      "ts": 1755976060269,
      "value": "31.37"
    },
    {
      "ts": 1755976038360,
      "value": "31.38"
    },
    {
      "ts": 1755976005495,
      "value": "31.4"
    },
    {
      "ts": 1755975989125,
      "value": "31.41"
    },
    {
      "ts": 1755975972731,
      "value": "31.44"
    },
    {
      "ts": 1755975939918,
      "value": "31.47"
    },
    {
      "ts": 1755975923522,
      "value": "31.49"
    },
    {
      "ts": 1755975907128,
      "value": "31.47"
    },
    {
      "ts": 1755975890733,
      "value": "31.47"
    },
    {
      "ts": 1755975890708,
      "value": "31.47"
    },
    {
      "ts": 1755975874364,
      "value": "31.49"
    },
    {
      "ts": 1755975874338,
      "value": "31.49"
    },
    {
      "ts": 1755975857945,
      "value": "31.5"
    },
    {
      "ts": 1755975841549,
      "value": "31.53"
    },
    {
      "ts": 1755975819614,
      "value": "31.54"
    },
    {
      "ts": 1755975819589,
      "value": "31.54"
    },
    {
      "ts": 1755975796326,
      "value": "31.57"
    },
    {
      "ts": 1755975773038,
      "value": "30.81"
    },
    {
      "ts": 1755975750126,
      "value": "31.58"
    },
    {
      "ts": 1755975749725,
      "value": "31.58"
    },
    {
      "ts": 1755975726837,
      "value": "30.76"
    },
    {
      "ts": 1755975726436,
      "value": "30.76"
    },
    {
      "ts": 1755975710067,
      "value": "31.63"
    },
    {
      "ts": 1755975681240,
      "value": "31.65"
    },
    {
      "ts": 1755975648473,
      "value": "31.72"
    },
    {
      "ts": 1755975648448,
      "value": "31.72"
    },
    {
      "ts": 1755975632054,
      "value": "31.71"
    },
    {
      "ts": 1755975615684,
      "value": "31.01"
    },
    {
      "ts": 1755975615659,
      "value": "31.01"
    },
    {
      "ts": 1755975599265,
      "value": "31.74"
    },
    {
      "ts": 1755975582871,
      "value": "31.76"
    },
    {
      "ts": 1755975550057,
      "value": "31.07"
    },
    {
      "ts": 1755975534088,
      "value": "31.83"
    },
    {
      "ts": 1755975533662,
      "value": "31.83"
    },
    {
      "ts": 1755975517292,
      "value": "31.87"
    },
    {
      "ts": 1755975495332,
      "value": "31.89"
    },
    {
      "ts": 1755975472045,
      "value": "31.94"
    },
    {
      "ts": 1755975448758,
      "value": "31.93"
    },
    {
      "ts": 1755975448757,
      "value": "31.93"
    },
    {
      "ts": 1755975425520,
      "value": "31.97"
    },
    {
      "ts": 1755975402183,
      "value": "32.02"
    },
    {
      "ts": 1755975402181,
      "value": "32.02"
    },
    {
      "ts": 1755975366457,
      "value": "32.04"
    },
    {
      "ts": 1755975336275,
      "value": "32.09"
    },
    {
      "ts": 1755975306117,
      "value": "32.14"
    },
    {
      "ts": 1755975306092,
      "value": "32.14"
    },
    {
      "ts": 1755975284257,
      "value": "32.2"
    },
    {
      "ts": 1755975260969,
      "value": "32.22"
    },
    {
      "ts": 1755975244851,
      "value": "32.28"
    },
    {
      "ts": 1755975244500,
      "value": "32.28"
    },
    {
      "ts": 1755975214393,
      "value": "31.32"
    },
    {
      "ts": 1755975214368,
      "value": "31.32"
    },
    {
      "ts": 1755975167743,
      "value": "31.43"
    },
    {
      "ts": 1755975144529,
      "value": "32.54"
    },
    {
      "ts": 1755975122517,
      "value": "32.6"
    },
    {
      "ts": 1755975122492,
      "value": "32.6"
    },
    {
      "ts": 1755975106098,
      "value": "32.64"
    },
    {
      "ts": 1755975089703,
      "value": "32.68"
    },
    {
      "ts": 1755975073310,
      "value": "32.71"
    },
    {
      "ts": 1755975073285,
      "value": "32.71"
    },
    {
      "ts": 1755975040520,
      "value": "32.77"
    },
    {
      "ts": 1755975040495,
      "value": "32.77"
    },
    {
      "ts": 1755975024527,
      "value": "32.83"
    },
    {
      "ts": 1755975024126,
      "value": "32.83"
    },
    {
      "ts": 1755975007757,
      "value": "32.83"
    },
    {
      "ts": 1755975007732,
      "value": "32.83"
    },
    {
      "ts": 1755974991336,
      "value": "32.87"
    },
    {
      "ts": 1755974974941,
      "value": "32.9"
    },
    {
      "ts": 1755974936985,
      "value": "33.04"
    },
    {
      "ts": 1755974936584,
      "value": "33.04"
    },
    {
      "ts": 1755974913321,
      "value": "33.08"
    },
    {
      "ts": 1755974913296,
      "value": "33.08"
    },
    {
      "ts": 1755974890031,
      "value": "33.15"
    },
    {
      "ts": 1755974866742,
      "value": "33.28"
    },
    {
      "ts": 1755974843453,
      "value": "33.34"
    },
    {
      "ts": 1755974815978,
      "value": "33.5"
    },
    {
      "ts": 1755974799557,
      "value": "33.57"
    },
    {
      "ts": 1755974783162,
      "value": "33.66"
    },
    {
      "ts": 1755974750723,
      "value": "33.83"
    },
    {
      "ts": 1755974750347,
      "value": "33.83"
    }
  ]
}