{
  "cbat": [
    {
      "ts": 1755978666361,
      "value": "-175.325"
    },
    {
      "ts": 1755978665959,
      "value": "-175.325"
    },
    {
      "ts": 1755978642695,
      "value": "-185.675"
    },
    {
      "ts": 1755978603012,
      "value": "-163.275"
    },
    {
      "ts": 1755978602987,
      "value": "-163.275"
    },
    {
      "ts": 1755978573280,
      "value": "-179.55"
    },
    {
      "ts": 1755978573205,
      "value": "-179.55"
    },
    {
      "ts": 1755978549565,
      "value": "-176.625"
    },
    {
      "ts": 1755978526277,
      "value": "-180.525"
    },
    {
      "ts": 1755978526276,
      "value": "-180.525"
    },
    {
      "ts": 1755978486592,
      "value": "-170.275"
    },
    {
      "ts": 1755978456936,
      "value": "-174.475"
    },
    {
      "ts": 1755978456785,
      "value": "-174.475"
    },
    {
      "ts": 1755978433145,
      "value": "-298.25"
    },
    {
      "ts": 1755978393460,
      "value": "-165.375"
    },
    {
      "ts": 1755978363328,
      "value": "-160.65"
    },
    {
      "ts": 1755978340390,
      "value": "-160.75"
    },
    {
      "ts": 1755978339988,
      "value": "-160.75"
    },
    {
      "ts": 1755978293437,
      "value": "-161.05"
    },
    {
      "ts": 1755978277017,
      "value": "-166.3"
    },
    {
      "ts": 1755978223549,
      "value": "-178.2"
    },
    {
      "ts": 1755978223548,
      "value": "-178.2"
    },
    {
      "ts": 1755978200661,
      "value": "-173.9"
    },
    {
      "ts": 1755978200284,
      "value": "-173.9"
    },
    {
      "ts": 1755978183890,
      "value": "-162.725"
    },
    {
      "ts": 1755978153808,
      "value": "-173.325"
    },
    {
      "ts": 1755978114200,
      "value": "-160.025"
    },
    {
      "ts": 1755978114175,
      "value": "-160.025"
    },
    {
      "ts": 1755978084220,
      "value": "-172.55"
    },
    {
      "ts": 1755978084219,
      "value": "-172.55"
    },
    {
      "ts": 1755978061006,
      "value": "-174.25"
    },
    {
      "ts": 1755978060580,
      "value": "-174.25"
    },
    {
      "ts": 1755977997635,
      "value": "-174.5"
    },
    {
      "ts": 1755977997609,
      "value": "-174.5"
    },
    {
      "ts": 1755977967829,
      "value": "-165.575"
    },
    {
      "ts": 1755977967428,
      "value": "-165.575"
    },
    {
      "ts": 1755977951483,
      "value": "-168.525"
    },
    {
      "ts": 1755977951057,
      "value": "-168.525"
    },
    {
      "ts": 1755977928119,
      "value": "-170.2"
    },
    {
      "ts": 1755977927743,
      "value": "-170.2"
    },
    {
      "ts": 1755977897585,
      "value": "-163.675"
    },
    {
      "ts": 1755977897584,
      "value": "-163.675"
    },
    {
      "ts": 1755977858302,
      "value": "-172.05"
    },
    {
      "ts": 1755977858277,
      "value": "-172.05"
    },
    {
      "ts": 1755977804428,
      "value": "-171.575"
    },
    {
      "ts": 1755977781540,
      "value": "-168.075"
    },
    {
      "ts": 1755977781163,
      "value": "-168.075"
    },
    {
      "ts": 1755977729023,
      "value": "-160.975"
    },
    {
      "ts": 1755977712652,
      "value": "-175.55"
    },
    {
      "ts": 1755977712627,
      "value": "-175.55"
    },
    {
      "ts": 1755977682466,
      "value": "-167.95"
    },
    {
      "ts": 1755977659554,
      "value": "-159.4"
    },
    {
      "ts": 1755977659203,
      "value": "-159.4"
    },
    {
      "ts": 1755977635916,
      "value": "-179.65"
    },
    {
      "ts": 1755977635915,
      "value": "-179.65"
    },
    {
      "ts": 1755977612626,
      "value": "-167.375"
    },
    {
      "ts": 1755977612601,
      "value": "-167.375"
    },
    {
      "ts": 1755977589740,
      "value": "-166.975"
    },
    {
      "ts": 1755977589339,
      "value": "-166.975"
    },
    {
      "ts": 1755977572945,
      "value": "-170.4"
    },
    {
      "ts": 1755977572944,
      "value": "-170.4"
    },
    {
      "ts": 1755977542763,
      "value": "-169.75"
    },
    {
      "ts": 1755977519475,
      "value": "-174.475"
    },
    {
      "ts": 1755977496211,
      "value": "-170.6"
    },
    {
      "ts": 1755977496186,
      "value": "-170.6"
    },
    {
      "ts": 1755977473300,
      "value": "-171.1"
    },
    {
      "ts": 1755977473299,
      "value": "-171.1"
    },
    {
      "ts": 1755977426697,
      "value": "-160.8"
    },
    {
      "ts": 1755977403033,
      "value": "-168.05"
    },
    {
      "ts": 1755977379745,
      "value": "-166.225"
    },
    {
      "ts": 1755977356858,
      "value": "-175.5"
    },
    {
      "ts": 1755977356482,
      "value": "-175.5"
    },
    {
      "ts": 1755977333545,
      "value": "-167.975"
    },
    {
      "ts": 1755977317151,
      "value": "-164.825"
    },
    {
      "ts": 1755977263333,
      "value": "-177.3"
    },
    {
      "ts": 1755977263332,
      "value": "-177.3"
    },
    {
      "ts": 1755977240044,
      "value": "-298.775"
    },
    {
      "ts": 1755977223650,
      "value": "-300.65"
    },
    {
      "ts": 1755977177051,
      "value": "-168.95"
    },
    {
      "ts": 1755977130524,
      "value": "-161.55"
    },
    {
      "ts": 1755977100743,
      "value": "-169.35"
    },
    {
      "ts": 1755977100366,
      "value": "-169.35"
    },
    {
      "ts": 1755977077053,
      "value": "-171.55"
    },
    {
      "ts": 1755977060659,
      "value": "-171.075"
    },
    {
      "ts": 1755977030502,
      "value": "-163.225"
    },
    {
      "ts": 1755977007212,
      "value": "-170.25"
    },
    {
      "ts": 1755976991243,
      "value": "-175.65"
    },
    {
      "ts": 1755976991218,
      "value": "-175.65"
    },
    {
      "ts": 1755976914057,
      "value": "-175.925"
    },
    {
      "ts": 1755976867481,
      "value": "-172.975"
    },
    {
      "ts": 1755976844593,
      "value": "-173.05"
    },
    {
      "ts": 1755976844242,
      "value": "-173.05"
    },
    {
      "ts": 1755976820929,
      "value": "-190.6"
    },
    {
      "ts": 1755976798040,
      "value": "-177.925"
    },
    {
      "ts": 1755976797664,
      "value": "-177.925"
    },
    {
      "ts": 1755976751086,
      "value": "-164.775"
    },
    {
      "ts": 1755976704535,
      "value": "-173.975"
    },
    {
      "ts": 1755976704510,
      "value": "-173.975"
    },
    {
      "ts": 1755976681221,
      "value": "-308.75"
    },
    {
      "ts": 1755976658434,
      "value": "-303.6"
    }
  ]
}