{
  "temperature": [
    {
      "ts": 1755978666361,
      "value": "37.86"
    },
    {
      "ts": 1755978665959,
      "value": "37.86"
    },
    {
      "ts": 1755978642695,
      "value": "37.89"
    },
    {
      "ts": 1755978603012,
      "value": "37.87"
    },
    {
      "ts": 1755978602987,
      "value": "37.87"
    },
    {
      "ts": 1755978573280,
      "value": "37.88"
    },
    {
      "ts": 1755978573205,
      "value": "37.88"
    },
    {
      "ts": 1755978549565,
      "value": "37.9"
    },
    {
      "ts": 1755978526277,
      "value": "37.93"
    },
    {
      "ts": 1755978526276,
      "value": "37.93"
    },
    {
      "ts": 1755978486592,
      "value": "37.92"
    },
    {
      "ts": 1755978456936,
      "value": "37.95"
    },
    {
      "ts": 1755978456785,
      "value": "37.95"
    },
    {
      "ts": 1755978433145,
      "value": "37.93"
    },
    {
      "ts": 1755978393460,
      "value": "37.96"
    },
    {
      "ts": 1755978363328,
      "value": "37.97"
    },
    {
      "ts": 1755978340390,
      "value": "37.98"
    },
    {
      "ts": 1755978339988,
      "value": "37.98"
    },
    {
      "ts": 1755978293437,
      "value": "37.99"
    },
    {
      "ts": 1755978277017,
      "value": "38.01"
    },
    {
      "ts": 1755978223549,
      "value": "38.06"
    },
    {
      "ts": 1755978223548,
      "value": "38.06"
    },
    {
      "ts": 1755978200661,
      "value": "38.04"
    },
    {
      "ts": 1755978200284,
      "value": "38.04"
    },
    {
      "ts": 1755978183890,
      "value": "38.05"
    },
    {
      "ts": 1755978153808,
      "value": "38.05"
    },
    {
      "ts": 1755978114200,
      "value": "38.08"
    },
    {
      "ts": 1755978114175,
      "value": "38.08"
    },
    {
      "ts": 1755978084220,
      "value": "38.12"
    },
    {
      "ts": 1755978084219,
      "value": "38.12"
    },
    {
      "ts": 1755978061006,
      "value": "38.1"
    },
    {
      "ts": 1755978060580,
      "value": "38.1"
    },
    {
      "ts": 1755977997635,
      "value": "38.12"
    },
    {
      "ts": 1755977997609,
      "value": "38.12"
    },
    {
      "ts": 1755977967829,
      "value": "38.13"
    },
    {
      "ts": 1755977967428,
      "value": "38.13"
    },
    {
      "ts": 1755977951483,
      "value": "38.15"
    },
    {
      "ts": 1755977951057,
      "value": "38.15"
    },
    {
      "ts": 1755977928119,
      "value": "38.16"
    },
    {
      "ts": 1755977927743,
      "value": "38.16"
    },
    {
      "ts": 1755977897585,
      "value": "38.16"
    },
    {
      "ts": 1755977897584,
      "value": "38.16"
    },
    {
      "ts": 1755977858302,
      "value": "38.18"
    },
    {
      "ts": 1755977858277,
      "value": "38.18"
    },
    {
      "ts": 1755977804428,
      "value": "38.23"
    },
    {
      "ts": 1755977781540,
      "value": "38.24"
    },
    {
      "ts": 1755977781163,
      "value": "38.24"
    },
    {
      "ts": 1755977729023,
      "value": "38.25"
    },
    {
      "ts": 1755977712652,
      "value": "38.24"
    },
    {
      "ts": 1755977712627,
      "value": "38.24"
    },
    {
      "ts": 1755977682466,
      "value": "38.28"
    },
    {
      "ts": 1755977659554,
      "value": "38.26"
    },
    {
      "ts": 1755977659203,
      "value": "38.26"
    },
    {
      "ts": 1755977635916,
      "value": "38.28"
    },
    {
      "ts": 1755977635915,
      "value": "38.28"
    },
    {
      "ts": 1755977612626,
      "value": "38.27"
    },
    {
      "ts": 1755977612601,
      "value": "38.27"
    },
    {
      "ts": 1755977589740,
      "value": "38.3"
    },
    {
      "ts": 1755977589339,
      "value": "38.3"
    },
    {
      "ts": 1755977572945,
      "value": "38.3"
    },
    {
      "ts": 1755977572944,
      "value": "38.3"
    },
    {
      "ts": 1755977542763,
      "value": "38.31"
    },
    {
      "ts": 1755977519475,
      "value": "38.32"
    },
    {
      "ts": 1755977496211,
      "value": "38.35"
    },
    {
      "ts": 1755977496186,
      "value": "38.35"
    },
    {
      "ts": 1755977473300,
      "value": "38.34"
    },
    {
      "ts": 1755977473299,
      "value": "38.34"
    },
    {
      "ts": 1755977426697,
      "value": "38.36"
    },
    {
      "ts": 1755977403033,
      "value": "38.36"
    },
    {
      "ts": 1755977379745,
      "value": "38.37"
    },
    {
      "ts": 1755977356858,
      "value": "38.38"
    },
    {
      "ts": 1755977356482,
      "value": "38.38"
    },
    {
      "ts": 1755977333545,
      "value": "38.42"
    },
    {
      "ts": 1755977317151,
      "value": "38.4"
    },
    {
      "ts": 1755977263333,
      "value": "38.45"
    },
    {
      "ts": 1755977263332,
      "value": "38.45"
    },
    {
      "ts": 1755977240044,
      "value": "38.39"
    },
    {
      "ts": 1755977223650,
      "value": "38.4"
    },
    {
      "ts": 1755977177051,
      "value": "38.46"
    },
    {
      "ts": 1755977130524,
      "value": "38.48"
    },
    {
      "ts": 1755977100743,
      "value": "38.48"
    },
    {
      "ts": 1755977100366,
      "value": "38.48"
    },
    {
      "ts": 1755977077053,
      "value": "38.49"
    },
    {
      "ts": 1755977060659,
      "value": "38.5"
    },
    {
      "ts": 1755977030502,
      "value": "38.53"
    },
    {
      "ts": 1755977007212,
      "value": "38.51"
    },
    {
      "ts": 1755976991243,
      "value": "38.52"
    },
    {
      "ts": 1755976991218,
      "value": "38.52"
    },
    {
      "ts": 1755976914057,
      "value": "38.54"
    },
    {
      "ts": 1755976867481,
      "value": "38.55"
    },
    {
      "ts": 1755976844593,
      "value": "38.56"
    },
    {
      "ts": 1755976844242,
      "value": "38.56"
    },
    {
      "ts": 1755976820929,
      "value": "38.59"
    },
    {
      "ts": 1755976798040,
      "value": "38.58"
    },
    {
      "ts": 1755976797664,
      "value": "38.58"
    },
    {
      "ts": 1755976751086,
      "value": "38.59"
    },
    {
      "ts": 1755976704535,
      "value": "38.61"
    },
    {
      "ts": 1755976704510,
      "value": "38.61"
    },
    {
      "ts": 1755976681221,
      "value": "38.6"
    },
    {
      "ts": 1755976658434,
      "value": "38.59"
    }
  ]
}