{
  "vbat": [
    {
      "ts": 1755978666361,
      "value": "3.41875"
    },
    {
      "ts": 1755978665959,
      "value": "3.41875"
    },
    {
      "ts": 1755978642695,
      "value": "3.41625"
    },
    {
      "ts": 1755978603012,
      "value": "3.41875"
    },
    {
      "ts": 1755978602987,
      "value": "3.41875"
    },
    {
      "ts": 1755978573280,
      "value": "3.42"
    },
    {
      "ts": 1755978573205,
      "value": "3.42"
    },
    {
      "ts": 1755978549565,
      "value": "3.42"
    },
    {
      "ts": 1755978526277,
      "value": "3.42"
    },
    {
      "ts": 1755978526276,
      "value": "3.42"
    },
    {
      "ts": 1755978486592,
      "value": "3.41875"
    },
    {
      "ts": 1755978456936,
      "value": "3.42"
    },
    {
      "ts": 1755978456785,
      "value": "3.42"
    },
    {
      "ts": 1755978433145,
      "value": "3.4025"
    },
    {
      "ts": 1755978393460,
      "value": "3.42125"
    },
    {
      "ts": 1755978363328,
      "value": "3.42125"
    },
    {
      "ts": 1755978340390,
      "value": "3.42125"
    },
    {
      "ts": 1755978339988,
      "value": "3.42125"
    },
    {
      "ts": 1755978293437,
      "value": "3.42375"
    },
    {
      "ts": 1755978277017,
      "value": "3.4225"
    },
    {
      "ts": 1755978223549,
      "value": "3.42125"
    },
    {
      "ts": 1755978223548,
      "value": "3.42125"
    },
    {
      "ts": 1755978200661,
      "value": "3.42375"
    },
    {
      "ts": 1755978200284,
      "value": "3.42375"
    },
    {
      "ts": 1755978183890,
      "value": "3.425"
    },
    {
      "ts": 1755978153808,
      "value": "3.42375"
    },
    {
      "ts": 1755978114200,
      "value": "3.42625"
    },
    {
      "ts": 1755978114175,
      "value": "3.42625"
    },
    {
      "ts": 1755978084220,
      "value": "3.4225"
    },
    {
      "ts": 1755978084219,
      "value": "3.4225"
    },
    {
      "ts": 1755978061006,
      "value": "3.42375"
    },
    {
      "ts": 1755978060580,
      "value": "3.42375"
    },
    {
      "ts": 1755977997635,
      "value": "3.425"
    },
    {
      "ts": 1755977997609,
      "value": "3.425"
    },
    {
      "ts": 1755977967829,
      "value": "3.425"
    },
    {
      "ts": 1755977967428,
      "value": "3.425"
    },
    {
      "ts": 1755977951483,
      "value": "3.425"
    },
    {
      "ts": 1755977951057,
      "value": "3.425"
    },
    {
      "ts": 1755977928119,
      "value": "3.4275"
    },
    {
      "ts": 1755977927743,
      "value": "3.4275"
    },
    {
      "ts": 1755977897585,
      "value": "3.42625"
    },
    {
      "ts": 1755977897584,
      "value": "3.42625"
    },
    {
      "ts": 1755977858302,
      "value": "3.42625"
    },
    {
      "ts": 1755977858277,
      "value": "3.42625"
    },
    {
      "ts": 1755977804428,
      "value": "3.4275"
    },
    {
      "ts": 1755977781540,
      "value": "3.43"
    },
    {
      "ts": 1755977781163,
      "value": "3.43"
    },
    {
      "ts": 1755977729023,
      "value": "3.43"
    },
    {
      "ts": 1755977712652,
      "value": "3.42875"
    },
    {
      "ts": 1755977712627,
      "value": "3.42875"
    },
    {
      "ts": 1755977682466,
      "value": "3.43"
    },
    {
      "ts": 1755977659554,
      "value": "3.43"
    },
    {
      "ts": 1755977659203,
      "value": "3.43"
    },
    {
      "ts": 1755977635916,
      "value": "3.4275"
    },
    {
      "ts": 1755977635915,
      "value": "3.4275"
    },
    {
      "ts": 1755977612626,
      "value": "3.43"
    },
    {
      "ts": 1755977612601,
      "value": "3.43"
    },
    {
      "ts": 1755977589740,
      "value": "3.43"
    },
    {
      "ts": 1755977589339,
      "value": "3.43"
    },
    {
      "ts": 1755977572945,
      "value": "3.43125"
    },
    {
      "ts": 1755977572944,
      "value": "3.43125"
    },
    {
      "ts": 1755977542763,
      "value": "3.43"
    },
    {
      "ts": 1755977519475,
      "value": "3.43"
    },
    {
      "ts": 1755977496211,
      "value": "3.4275"
    },
    {
      "ts": 1755977496186,
      "value": "3.4275"
    },
    {
      "ts": 1755977473300,
      "value": "3.43"
    },
    {
      "ts": 1755977473299,
      "value": "3.43"
    },
    {
      "ts": 1755977426697,
      "value": "3.4325"
    },
    {
      "ts": 1755977403033,
      "value": "3.4325"
    },
    {
      "ts": 1755977379745,
      "value": "3.4325"
    },
    {
      "ts": 1755977356858,
      "value": "3.43125"
    },
    {
      "ts": 1755977356482,
      "value": "3.43125"
    },
    {
      "ts": 1755977333545,
      "value": "3.43125"
    },
    {
      "ts": 1755977317151,
      "value": "3.4325"
    },
    {
      "ts": 1755977263333,
      "value": "3.4325"
    },
    {
      "ts": 1755977263332,
      "value": "3.4325"
    },
    {
      "ts": 1755977240044,
      "value": "3.4125"
    },
    {
      "ts": 1755977223650,
      "value": "3.415"
    },
    {
      "ts": 1755977177051,
      "value": "3.4325"
    },
    {
      "ts": 1755977130524,
      "value": "3.43125"
    },
    {
      "ts": 1755977100743,
      "value": "3.43375"
    },
    {
      "ts": 1755977100366,
      "value": "3.43375"
    },
    {
      "ts": 1755977077053,
      "value": "3.435"
    },
    {
      "ts": 1755977060659,
      "value": "3.435"
    },
    {
      "ts": 1755977030502,
      "value": "3.4325"
    },
    {
      "ts": 1755977007212,
      "value": "3.43625"
    },
    {
      "ts": 1755976991243,
      "value": "3.435"
    },
    {
      "ts": 1755976991218,
      "value": "3.435"
    },
    {
      "ts": 1755976914057,
      "value": "3.43625"
    },
    {
      "ts": 1755976867481,
      "value": "3.43625"
    },
    {
      "ts": 1755976844593,
      "value": "3.435"
    },
    {
      "ts": 1755976844242,
      "value": "3.435"
    },
    {
      "ts": 1755976820929,
      "value": "3.43375"
    },
    {
      "ts": 1755976798040,
      "value": "3.43625"
    },
    {
      "ts": 1755976797664,
      "value": "3.43625"
    },
    {
      "ts": 1755976751086,
      "value": "3.4375"
    },
    {
      "ts": 1755976704535,
      "value": "3.43625"
    },
    {
      "ts": 1755976704510,
      "value": "3.43625"
    },
    {
      "ts": 1755976681221,
      "value": "3.4175"
    },
    {
      "ts": 1755976658434,
      "value": "3.42"
    }
  ]
}